Year,Player,Team
NBA,Nikola JokiÄ,(V)
NBA,Joel Embiid,(V)
NBA,Nikola JokiÄ,(V)
NBA,Nikola JokiÄ,(V)
NBA,Giannis Antetokounmpo,(V)
NBA,Giannis Antetokounmpo,(V)
NBA,James Harden,(V)
NBA,Russell Westbrook,(V)
NBA,Stephen Curry,(V)
NBA,Stephen Curry,(V)
NBA,Kevin Durant,(V)
NBA,LeBron James,(V)
NBA,LeBron James,(V)
NBA,Derrick Rose,(V)
NBA,LeBron James,(V)
NBA,LeBron James,(V)
NBA,Kobe Bryant,(V)
NBA,Dirk Nowitzki,(V)
NBA,Steve Nash,(V)
NBA,Steve Nash,(V)
NBA,Kevin Garnett,(V)
NBA,Tim Duncan,(V)
NBA,Tim Duncan,(V)
NBA,Allen Iverson,(V)
NBA,Shaquille O'Neal,(V)
NBA,Karl Malone,(V)
NBA,Michael Jordan,(V)
NBA,Karl Malone,(V)
NBA,Michael Jordan,(V)
NBA,David Robinson,(V)
NBA,Hakeem Olajuwon,(V)
NBA,Charles Barkley,(V)
NBA,Michael Jordan,(V)
NBA,Michael Jordan,(V)
NBA,Magic Johnson,(V)
NBA,Magic Johnson,(V)
NBA,Michael Jordan,(V)
NBA,Magic Johnson,(V)
NBA,Larry Bird,(V)
NBA,Larry Bird,(V)
NBA,Larry Bird,(V)
NBA,Moses Malone,(V)
NBA,Moses Malone,(V)
NBA,Julius Erving,(V)
NBA,Kareem Abdul-Jabbar,(V)
NBA,Moses Malone,(V)
NBA,Bill Walton,(V)
NBA,Kareem Abdul-Jabbar,(V)
NBA,Kareem Abdul-Jabbar,(V)
NBA,Bob McAdoo,(V)
NBA,Kareem Abdul-Jabbar,(V)
NBA,Dave Cowens,(V)
NBA,Kareem Abdul-Jabbar,(V)
NBA,Kareem Abdul-Jabbar,(V)
NBA,Willis Reed,(V)
NBA,Wes Unseld,(V)
NBA,Wilt Chamberlain,(V)
NBA,Wilt Chamberlain,(V)
NBA,Wilt Chamberlain,(V)
NBA,Bill Russell,(V)
NBA,Oscar Robertson,(V)
NBA,Bill Russell,(V)
NBA,Bill Russell,(V)
NBA,Bill Russell,(V)
NBA,Wilt Chamberlain,(V)
NBA,Bob Pettit,(V)
NBA,Bill Russell,(V)
NBA,Bob Cousy,(V)
NBA,Bob Pettit,(V)
